{
  "metadata": {
    "created_at": "2025-01-19",
    "method": "dijkstra",
    "epsilon": 0.1,
    "communes_count": 19
  },
  "weights": {
    "Anderlecht": {
      "Anderlecht": 1.0,
      "Auderghem": 0.11363636363636363,
      "Berchem-Sainte-Agathe": 0.3448275862068966,
      "Bruxelles": 0.15873015873015872,
      "Etterbeek": 0.11111111111111109,
      "Evere": 0.10869565217391303,
      "Forest (Bruxelles-Capitale)": 0.2631578947368421,
      "Ganshoren": 0.22727272727272727,
      "Ixelles": 0.16393442622950816,
      "Jette": 0.2173913043478261,
      "Koekelberg": 0.4166666666666667,
      "Molenbeek-Saint-Jean": 0.23809523809523814,
      "Saint-Gilles": 0.303030303030303,
      "Saint-Josse-ten-Noode": 0.14084507042253522,
      "Schaerbeek": 0.1020408163265306,
      "Uccle": 0.1149425287356322,
      "Watermael-Boitsfort": 0.07633587786259541,
      "Woluwe-Saint-Lambert": 0.08695652173913042,
      "Woluwe-Saint-Pierre": 0.08333333333333331
    },
    "Auderghem": {
      "Anderlecht": 0.11363636363636363,
      "Auderghem": 1.0,
      "Berchem-Sainte-Agathe": 0.08547008547008546,
      "Bruxelles": 0.18518518518518517,
      "Etterbeek": 0.45454545454545453,
      "Evere": 0.13333333333333333,
      "Forest (Bruxelles-Capitale)": 0.1694915254237288,
      "Ganshoren": 0.07575757575757575,
      "Ixelles": 0.37037037037037035,
      "Jette": 0.07462686567164178,
      "Koekelberg": 0.08928571428571427,
      "Molenbeek-Saint-Jean": 0.09523809523809523,
      "Saint-Gilles": 0.18181818181818182,
      "Saint-Josse-ten-Noode": 0.13157894736842105,
      "Schaerbeek": 0.125,
      "Uccle": 0.14925373134328357,
      "Watermael-Boitsfort": 0.23255813953488372,
      "Woluwe-Saint-Lambert": 0.2127659574468085,
      "Woluwe-Saint-Pierre": 0.2857142857142857
    },
    "Berchem-Sainte-Agathe": {
      "Anderlecht": 0.3448275862068966,
      "Auderghem": 0.08547008547008544,
      "Berchem-Sainte-Agathe": 1.0,
      "Bruxelles": 0.12048192771084336,
      "Etterbeek": 0.08695652173913043,
      "Evere": 0.08928571428571427,
      "Forest (Bruxelles-Capitale)": 0.14925373134328357,
      "Ganshoren": 0.3846153846153846,
      "Ixelles": 0.11111111111111109,
      "Jette": 0.5263157894736842,
      "Koekelberg": 0.4347826086956521,
      "Molenbeek-Saint-Jean": 0.3125,
      "Saint-Gilles": 0.16129032258064513,
      "Saint-Josse-ten-Noode": 0.1639344262295082,
      "Schaerbeek": 0.11363636363636363,
      "Uccle": 0.08620689655172414,
      "Watermael-Boitsfort": 0.062499999999999986,
      "Woluwe-Saint-Lambert": 0.08264462809917354,
      "Woluwe-Saint-Pierre": 0.06896551724137931
    },
    "Bruxelles": {
      "Anderlecht": 0.15873015873015872,
      "Auderghem": 0.18518518518518517,
      "Berchem-Sainte-Agathe": 0.12048192771084336,
      "Bruxelles": 1.0,
      "Etterbeek": 0.3125,
      "Evere": 0.3448275862068966,
      "Forest (Bruxelles-Capitale)": 0.18181818181818182,
      "Ganshoren": 0.10416666666666667,
      "Ixelles": 0.23255813953488372,
      "Jette": 0.1020408163265306,
      "Koekelberg": 0.13157894736842105,
      "Molenbeek-Saint-Jean": 0.19607843137254904,
      "Saint-Gilles": 0.3333333333333333,
      "Saint-Josse-ten-Noode": 0.45454545454545453,
      "Schaerbeek": 0.2777777777777778,
      "Uccle": 0.12048192771084336,
      "Watermael-Boitsfort": 0.10309278350515465,
      "Woluwe-Saint-Lambert": 0.17543859649122806,
      "Woluwe-Saint-Pierre": 0.16129032258064516
    },
    "Etterbeek": {
      "Anderlecht": 0.1111111111111111,
      "Auderghem": 0.45454545454545453,
      "Berchem-Sainte-Agathe": 0.08695652173913043,
      "Bruxelles": 0.3125,
      "Etterbeek": 1.0,
      "Evere": 0.18867924528301885,
      "Forest (Bruxelles-Capitale)": 0.1639344262295082,
      "Ganshoren": 0.078125,
      "Ixelles": 0.3448275862068966,
      "Jette": 0.07692307692307693,
      "Koekelberg": 0.09259259259259259,
      "Molenbeek-Saint-Jean": 0.12048192771084336,
      "Saint-Gilles": 0.17543859649122806,
      "Saint-Josse-ten-Noode": 0.18518518518518517,
      "Schaerbeek": 0.17241379310344826,
      "Uccle": 0.14492753623188406,
      "Watermael-Boitsfort": 0.15384615384615385,
      "Woluwe-Saint-Lambert": 0.4,
      "Woluwe-Saint-Pierre": 0.3333333333333333
    },
    "Evere": {
      "Anderlecht": 0.10869565217391303,
      "Auderghem": 0.1333333333333333,
      "Berchem-Sainte-Agathe": 0.08928571428571429,
      "Bruxelles": 0.3448275862068966,
      "Etterbeek": 0.18867924528301885,
      "Evere": 1.0,
      "Forest (Bruxelles-Capitale)": 0.11904761904761904,
      "Ganshoren": 0.08,
      "Ixelles": 0.1388888888888889,
      "Jette": 0.07874015748031496,
      "Koekelberg": 0.09523809523809523,
      "Molenbeek-Saint-Jean": 0.125,
      "Saint-Gilles": 0.1694915254237288,
      "Saint-Josse-ten-Noode": 0.19607843137254904,
      "Schaerbeek": 0.27027027027027023,
      "Uccle": 0.08928571428571429,
      "Watermael-Boitsfort": 0.10526315789473684,
      "Woluwe-Saint-Lambert": 0.3571428571428571,
      "Woluwe-Saint-Pierre": 0.17543859649122806
    },
    "Forest (Bruxelles-Capitale)": {
      "Anderlecht": 0.2631578947368421,
      "Auderghem": 0.1694915254237288,
      "Berchem-Sainte-Agathe": 0.14925373134328357,
      "Bruxelles": 0.18181818181818182,
      "Etterbeek": 0.1639344262295082,
      "Evere": 0.11904761904761904,
      "Forest (Bruxelles-Capitale)": 1.0,
      "Ganshoren": 0.12195121951219513,
      "Ixelles": 0.3125,
      "Jette": 0.11904761904761904,
      "Koekelberg": 0.16129032258064516,
      "Molenbeek-Saint-Jean": 0.125,
      "Saint-Gilles": 0.4,
      "Saint-Josse-ten-Noode": 0.12987012987012986,
      "Schaerbeek": 0.10989010989010989,
      "Uccle": 0.20408163265306126,
      "Watermael-Boitsfort": 0.09900990099009903,
      "Woluwe-Saint-Lambert": 0.11627906976744186,
      "Woluwe-Saint-Pierre": 0.10989010989010989
    },
    "Ganshoren": {
      "Anderlecht": 0.22727272727272727,
      "Auderghem": 0.07575757575757575,
      "Berchem-Sainte-Agathe": 0.3846153846153846,
      "Bruxelles": 0.10416666666666666,
      "Etterbeek": 0.078125,
      "Evere": 0.07999999999999999,
      "Forest (Bruxelles-Capitale)": 0.1219512195121951,
      "Ganshoren": 1.0,
      "Ixelles": 0.09523809523809522,
      "Jette": 0.4166666666666667,
      "Koekelberg": 0.5,
      "Molenbeek-Saint-Jean": 0.2222222222222222,
      "Saint-Gilles": 0.12987012987012986,
      "Saint-Josse-ten-Noode": 0.13513513513513511,
      "Schaerbeek": 0.099009900990099,
      "Uccle": 0.07633587786259541,
      "Watermael-Boitsfort": 0.057142857142857134,
      "Woluwe-Saint-Lambert": 0.07462686567164178,
      "Woluwe-Saint-Pierre": 0.06329113924050632
    },
    "Ixelles": {
      "Anderlecht": 0.16393442622950816,
      "Auderghem": 0.37037037037037035,
      "Berchem-Sainte-Agathe": 0.11111111111111109,
      "Bruxelles": 0.23255813953488372,
      "Etterbeek": 0.3448275862068966,
      "Evere": 0.1388888888888889,
      "Forest (Bruxelles-Capitale)": 0.3125,
      "Ganshoren": 0.09523809523809522,
      "Ixelles": 1.0,
      "Jette": 0.09345794392523361,
      "Koekelberg": 0.11764705882352938,
      "Molenbeek-Saint-Jean": 0.10638297872340426,
      "Saint-Gilles": 0.3571428571428571,
      "Saint-Josse-ten-Noode": 0.15384615384615385,
      "Schaerbeek": 0.12658227848101267,
      "Uccle": 0.25,
      "Watermael-Boitsfort": 0.14285714285714285,
      "Woluwe-Saint-Lambert": 0.18518518518518517,
      "Woluwe-Saint-Pierre": 0.1694915254237288
    },
    "Jette": {
      "Anderlecht": 0.2173913043478261,
      "Auderghem": 0.07462686567164178,
      "Berchem-Sainte-Agathe": 0.5263157894736842,
      "Bruxelles": 0.1020408163265306,
      "Etterbeek": 0.07692307692307693,
      "Evere": 0.07874015748031496,
      "Forest (Bruxelles-Capitale)": 0.11904761904761904,
      "Ganshoren": 0.4166666666666667,
      "Ixelles": 0.09345794392523364,
      "Jette": 1.0,
      "Koekelberg": 0.45454545454545453,